,name,pct_max,pct_sum,pctcut_sum,sex,spikiness,tail_end,tail_front,year_count,year_max,year_min,yrcutend,yrcutratio,yrcutspan,yrcutstart
0,Dorothy,3.236406380301375,111.19200671730009,104.53676737458194,F,0.051371529846053574,60,13,137,2016,1880,1956,0.45985401459854014,63,1893
0,Barbara,3.559775515531193,103.79725188307745,94.02601977532882,F,0.06716557576473949,45,38,137,2016,1880,1971,0.38686131386861317,53,1918
0,Patricia,3.1343234684454817,103.65852214864177,97.45129044775153,F,0.05312412658382172,35,38,133,2016,1884,1981,0.44360902255639095,59,1922
0,Jennifer,4.301119966199986,88.44822768494267,82.47985536789152,F,0.10490536502926795,14,45,99,2016,1916,2002,0.41414141414141414,41,1961
0,Linda,5.666701809916639,86.55527780452564,78.1258718970376,F,0.18279683257795612,47,58,137,2016,1880,1969,0.22627737226277372,31,1938
0,Betty,3.396358139117629,84.95075834912879,76.30085448023485,F,0.06931343141056386,57,30,137,2016,1880,1959,0.35766423357664234,49,1910
0,Jessica,3.221220425303737,60.657732646634194,57.355505371746304,F,0.09203486929439249,10,91,137,2016,1880,2006,0.25547445255474455,35,1971
0,Mildred,1.5885215269404989,57.733265911371106,55.70808801807708,F,0.023709276521499983,68,1,137,2016,1880,1948,0.48905109489051096,67,1881
0,Karen,1.9946340846212627,56.740781283556146,52.53206230821319,F,0.042439023077048145,32,56,131,2016,1881,1984,0.35877862595419846,47,1937
0,Lisa,3.414340376882173,55.3297163856087,52.21448668333154,F,0.10042177579065215,27,69,113,2016,1886,1989,0.3008849557522124,34,1955
0,Carol,2.3249657620712605,54.75825407655167,50.066491058409106,F,0.05535632766836335,46,48,136,2016,1880,1970,0.3088235294117647,42,1928
0,Shirley,4.039515799834429,53.522958437044885,46.610026916049975,F,0.11220877221762302,59,41,136,2016,1880,1957,0.2647058823529412,36,1921
0,Sandra,2.0169638555443754,53.29254357318381,50.06998177518548,F,0.04202008032384116,34,30,113,2016,1904,1982,0.4247787610619469,48,1934
0,Donna,1.802420329462566,51.77016710955186,48.253431925202804,F,0.0353415750875013,40,45,137,2016,1880,1976,0.3722627737226277,51,1925
0,Kimberly,2.0049900628815767,48.58706576965475,47.20335713290117,F,0.03645436477966503,5,23,84,2016,1933,2011,0.6547619047619048,55,1956
0,Michelle,2.0342197998263223,47.61027485284903,45.348267409739805,F,0.039119611535121585,10,39,99,2016,1915,2006,0.5252525252525253,52,1954
0,Ashley,3.1556315261673817,47.449054738483774,44.54573522127441,F,0.10518771753891272,6,63,78,2016,1917,2010,0.38461538461538464,30,1980
0,Kathleen,1.5403616486013822,46.17831755327651,42.334901293807505,F,0.018337638673825978,24,28,137,2016,1880,1992,0.6131386861313869,84,1908
0,Melissa,2.121299904372989,45.530714126631935,41.48139925476102,F,0.05173902205787778,15,80,137,2016,1880,2001,0.29927007299270075,41,1960
0,Amy,2.2123490122559963,45.458610620775985,35.76665909669069,F,0.05821971084884201,20,78,137,2016,1880,1996,0.2773722627737226,38,1958
0,Sharon,1.7712073970540803,43.493592064816035,40.988087751435856,F,0.0411908696989321,38,35,109,2016,1900,1978,0.3944954128440367,43,1935
0,Stephanie,1.367604642251379,43.4841516837147,41.47365119427699,F,0.022419748233629164,6,58,126,2016,1891,2010,0.48412698412698413,61,1949
0,Doris,1.477659998477378,41.5313006809148,39.20293754751533,F,0.023833225781893192,57,17,137,2016,1880,1959,0.45255474452554745,62,1897
0,Angela,1.6021215282851002,40.901601761741524,35.5663679913832,F,0.031414147613433335,12,73,137,2016,1880,2004,0.3722627737226277,51,1953
0,Cynthia,1.9235153060375907,40.770498576745666,35.71181470902254,F,0.038470306120751814,24,62,137,2016,1880,1992,0.36496350364963503,50,1942
0,Deborah,2.815899831514597,40.420230907219796,36.58436729822461,F,0.10429258635239248,42,67,137,2016,1880,1974,0.19708029197080293,27,1947
0,Christine,1.0071136278282584,39.010127431240285,37.483997518929016,F,0.009073095746200526,19,6,137,2016,1880,1997,0.8102189781021898,111,1886
0,Carolyn,1.4792794260286246,38.75729839248076,32.45414433529877,F,0.02844768126978124,41,43,137,2016,1880,1975,0.3795620437956204,52,1923
0,Jean,1.0644373643806075,38.61343835993254,36.46938661161816,F,0.013823861875072825,45,14,137,2016,1880,1971,0.5620437956204379,77,1894
0,Gladys,1.118042005957877,37.84677433875124,35.47391695270477,F,0.01927658630961857,71,7,137,2016,1880,1945,0.4233576642335766,58,1887
0,Janet,0.9670588409509918,37.50560190001923,34.462050757157364,F,0.014221453543396939,36,32,137,2016,1880,1980,0.49635036496350365,68,1912
0,Joan,1.9723980484074428,37.11682296249081,33.70349432457775,F,0.04930995121018607,52,44,137,2016,1880,1964,0.291970802919708,40,1924
0,Joyce,1.2981304140507033,36.497797529443794,33.66328146238126,F,0.02704438362605632,47,39,133,2016,1882,1969,0.3609022556390977,48,1921
0,Brenda,1.2138853495005717,34.57056174449867,33.142060072434774,F,0.020929057750009857,19,42,113,2016,1897,1997,0.5132743362831859,58,1939
0,Nicole,1.340867480670697,34.41273294625854,33.76826412094184,F,0.028529095333419085,2,30,80,2016,1937,2014,0.5875,47,1967
0,Pamela,1.4092629896478284,33.14832639874988,31.50377050632696,F,0.03277355789878671,31,47,112,2016,1895,1985,0.38392857142857145,43,1942
0,Heather,1.6670816707446818,31.708454209485627,29.651400298478023,F,0.05209630221077131,18,52,93,2016,1914,1998,0.34408602150537637,32,1966
0,Lois,0.9217237873882104,31.200466573698737,29.513946374711487,F,0.013167482676974434,55,11,137,2016,1880,1961,0.5109489051094891,70,1891
0,Judith,1.9573442389534241,30.704741327289167,26.9006952411839,F,0.06314013674043303,51,54,137,2016,1880,1965,0.22627737226277372,31,1934
0,Diane,1.1913647541633563,30.455321180269287,28.47634604042836,F,0.027706157073566426,41,34,119,2016,1898,1975,0.36134453781512604,43,1932
0,Julie,1.051489743840525,29.928550351851023,27.32265535741665,F,0.019117995342555,19,62,137,2016,1880,1997,0.40145985401459855,55,1942
0,Christina,1.0686620246999978,29.90388863738735,25.688288819418737,F,0.018748456573684173,10,69,137,2016,1880,2006,0.41605839416058393,57,1949
0,Debra,2.5855705101412827,29.137514925674324,26.780622007614472,F,0.11752593227914922,44,36,102,2016,1914,1972,0.21568627450980393,22,1950
0,Gloria,0.8445100724543431,28.82867092212051,26.259838199806737,F,0.015354728590078965,41,39,126,2016,1881,1975,0.4365079365079365,55,1920
0,Kelly,1.1893945274154298,27.61500193365743,26.57253627824213,F,0.025856402769900647,12,51,109,2016,1907,2004,0.42201834862385323,46,1958
0,Marilyn,1.06367025356976,26.63409764193159,24.455631342994852,F,0.023637116745994665,49,23,117,2016,1899,1967,0.38461538461538464,45,1922
0,Marjorie,0.9089766308336746,26.292219979594996,24.340984553753216,F,0.013772373194449615,60,10,137,2016,1880,1956,0.48175182481751827,66,1890
0,Lucille,0.7120830512850224,26.22124149803238,24.782595313500554,F,0.010029338750493272,63,2,137,2016,1880,1953,0.5182481751824818,71,1882
0,Janice,0.8933168620876859,26.219187571738555,24.29928801366108,F,0.017516016903680116,41,30,119,2016,1894,1975,0.42857142857142855,51,1924
0,Beverly,0.9054405386962333,26.173735268489857,24.669626940256652,F,0.01741231805185064,43,28,121,2016,1893,1973,0.4297520661157025,52,1921
0,Thelma,0.7568567733421944,26.108464305026487,24.848469769493196,F,0.013761032242585352,65,16,134,2016,1880,1951,0.41044776119402987,55,1896
0,Teresa,0.9413632351206337,25.54559858510374,20.041570216963642,F,0.015432184182305471,29,46,137,2016,1880,1987,0.44525547445255476,61,1926
0,Phyllis,0.7161697992377933,25.287725686723018,23.981850498690793,F,0.011936163320629889,49,27,137,2016,1880,1967,0.43795620437956206,60,1907
0,Megan,1.1633456315973347,24.866217001492522,23.729225137404978,F,0.03144177382695499,6,51,88,2016,1922,2010,0.42045454545454547,37,1973
0,Cheryl,1.199015605800745,24.514640878406542,23.43474147454229,F,0.031553042257914346,35,34,104,2016,1909,1981,0.36538461538461536,38,1943
0,Judy,1.3033795966581445,24.189144891030892,22.148850562657625,F,0.03949635141388317,48,55,134,2016,1880,1968,0.2462686567164179,33,1935
0,Norma,0.8228512170401591,23.69379172828947,21.692371367624713,F,0.010686379442079988,47,12,137,2016,1880,1969,0.5620437956204379,77,1892
0,Bonnie,0.653121968917288,23.085408779595255,21.739203971928678,F,0.0073384490889582925,31,16,137,2016,1880,1985,0.6496350364963503,89,1896
0,Rita,0.48558737241895705,21.487961299525765,20.340692005184284,F,0.0057808020526066315,35,17,137,2016,1880,1981,0.6131386861313869,84,1897
0,Amber,0.9883346307812969,21.480471864178487,20.21584291972906,F,0.02671174677787289,8,91,133,2016,1880,2008,0.2781954887218045,37,1971
0,Danielle,0.9783102113285838,21.210600927316897,20.213923739096163,F,0.023293100269728185,7,30,80,2016,1937,2009,0.525,42,1967
0,Denise,0.7773110463351907,20.745882219541407,19.31777330468213,F,0.01619398013198314,22,64,119,2016,1882,1994,0.40336134453781514,48,1946
0,Peggy,0.5993033192906866,20.557923727661397,19.1251717261182,F,0.01051409332088924,41,38,136,2016,1880,1975,0.41911764705882354,57,1918
0,Wanda,0.4235034491518024,20.166023032798066,19.2978432467266,F,0.005723019583132464,39,23,137,2016,1880,1977,0.5401459854014599,74,1903
0,Brittany,2.0500005696555865,19.9637091563019,18.403812040165693,F,0.1205882688032698,16,20,54,2016,1963,2000,0.3148148148148148,17,1983
0,Crystal,1.128265892949121,19.717644606380592,17.34886768490857,F,0.0289298946910031,14,79,132,2016,1884,2002,0.29545454545454547,39,1963
0,Tiffany,1.0316141075644774,19.681977536398318,18.71046808328963,F,0.028655947432346594,12,26,75,2016,1942,2004,0.48,36,1968
0,Lori,1.2404387065441742,19.138871023665562,17.966837204693174,F,0.04277374850152325,33,30,92,2016,1924,1983,0.31521739130434784,29,1954
0,Tammy,1.2226319203624851,19.089462233154386,18.25856005142525,F,0.0489052768144994,34,23,82,2016,1934,1982,0.3048780487804878,25,1957
0,Erin,0.8883636219946333,18.364287710809755,17.147070946351214,F,0.02065961911615426,7,78,124,2016,1888,2009,0.3467741935483871,43,1966
0,Elaine,0.4504869819361453,18.331819627118495,17.0213202869086,F,0.006171054547070483,33,30,134,2016,1880,1983,0.5447761194029851,73,1910
0,Kathy,1.1906117555444278,18.166437009712254,16.461669888540015,F,0.0384068308240138,42,33,104,2016,1910,1974,0.2980769230769231,31,1943
0,Dolores,1.1402909616086647,17.990261667284607,15.131321358894088,F,0.03081867463807202,65,34,137,2016,1880,1951,0.27007299270072993,37,1914
0,Juanita,0.4326997372894452,17.889763879355662,16.988222350741427,F,0.004703258014015709,34,10,137,2016,1880,1982,0.6715328467153284,92,1890
0,Geraldine,0.5082703122607649,17.85634658256122,16.77477822537635,F,0.007701065337284317,51,19,137,2016,1880,1965,0.48175182481751827,66,1899
0,Shannon,0.912720621357103,17.71198939425351,16.590956235339515,F,0.023403092855310333,14,51,99,2016,1912,2002,0.3939393939393939,39,1963
0,Tina,0.9006043047568881,17.53229560657771,15.355683186707804,F,0.02729103953808752,28,75,137,2016,1880,1988,0.24087591240875914,33,1955
0,Dawn,0.8969438359063532,17.10135616113475,15.20306545102627,F,0.02718011623958646,31,64,117,2016,1888,1985,0.28205128205128205,33,1952
0,Paula,0.5262797423548566,16.856398929516953,14.83584891362092,F,0.009397852542051012,31,49,137,2016,1880,1985,0.40875912408759124,56,1929
0,Connie,0.510299872156453,16.668461272457662,14.834150771007643,F,0.009449997632526907,37,45,137,2016,1880,1979,0.39416058394160586,54,1925
0,Lorraine,0.5188226030794633,16.194997655285487,14.88742756886907,F,0.007981886201222511,45,24,134,2016,1882,1971,0.48507462686567165,65,1906
0,Robin,0.7751642124839158,16.056550233818896,14.860090107545483,F,0.019876005448305534,27,46,108,2016,1904,1989,0.3611111111111111,39,1950
0,Jamie,0.8557992874595614,15.891550750608605,14.498791327591736,F,0.01860433233607742,11,75,130,2016,1884,2005,0.35384615384615387,46,1959
0,Anita,0.28712326260341337,15.49765413197404,14.946618834971721,F,0.0027608006019558978,24,8,137,2016,1880,1992,0.7591240875912408,104,1888
0,Wendy,0.6798794098423812,15.156920338299347,13.868755369687618,F,0.012827913393252474,15,30,93,2016,1918,2001,0.5698924731182796,53,1948
0,Monica,0.43717983006562844,15.02576750104841,13.664584330921059,F,0.006939362381994102,5,68,136,2016,1880,2011,0.4632352941176471,63,1948
0,Tracy,1.0563585716165125,14.938863468985792,13.61154711162842,F,0.03772709184344687,29,75,132,2016,1884,1987,0.21212121212121213,28,1959
0,Courtney,0.8102995879743301,14.747800685351399,13.789242553418296,F,0.025321862124197816,10,93,123,2016,1881,2006,0.2601626016260163,32,1974
0,Joanne,0.43519645357332243,14.22948179227194,13.364690303362243,F,0.008059193584691156,37,37,117,2016,1888,1979,0.46153846153846156,54,1925
0,April,0.6912620049248502,14.17917541848965,12.79957845597877,F,0.01607586057964768,14,42,98,2016,1917,2002,0.4387755102040816,43,1959
0,Sheila,0.4518752120840429,14.044466007521308,13.256325332038442,F,0.008069200215786481,29,24,110,2016,1907,1987,0.509090909090909,56,1931
0,Cindy,0.9909863195165309,13.9685200249629,11.333292716338423,F,0.031967300629565515,34,65,116,2016,1886,1982,0.2672413793103448,31,1951
0,Eileen,0.2933017955058596,13.609823829787363,12.738111518192877,F,0.003332974948930223,30,16,134,2016,1882,1986,0.6567164179104478,88,1898
0,Suzanne,0.378558613258589,13.574544162754833,12.695156696890214,F,0.00600886687712046,27,46,136,2016,1880,1989,0.4632352941176471,63,1926
0,Erica,0.5815482490283719,13.45875106801346,12.856617873466629,F,0.014538706225709297,8,59,97,2016,1909,2008,0.41237113402061853,40,1968
0,Wilma,0.3618589638256504,13.446346556076891,12.825346389128395,F,0.00540088005709926,57,12,137,2016,1880,1959,0.48905109489051096,67,1892
0,Sherry,0.47039851564518687,13.22728398137577,12.728722080470497,F,0.00959996970704463,31,27,105,2016,1909,1985,0.4666666666666667,49,1936
0,Darlene,0.41144057408739904,12.951454965801608,11.990420711429842,F,0.007480737710679982,37,28,118,2016,1896,1979,0.4661016949152542,55,1924
0,Michele,0.6838057055343391,12.916971692485863,12.348777448353866,F,0.014865341424659544,27,28,102,2016,1915,1989,0.45098039215686275,46,1943
0,Kristen,0.5632173859625081,12.730218769721395,12.035370879402176,F,0.014080434649062704,12,26,79,2016,1938,2004,0.5063291139240507,40,1964
0,Gail,0.5489480531667794,12.565024444571904,11.426380142631974,F,0.014446001399125774,44,53,136,2016,1881,1972,0.27941176470588236,38,1934
0,Jill,0.46502171440999923,12.15635009728585,11.551052840340823,F,0.009894079029999983,27,36,106,2016,1906,1989,0.44339622641509435,47,1942
0,Jeanne,0.26493254242149517,11.953673908019569,11.336912825887639,F,0.0032308846636767705,37,17,137,2016,1880,1979,0.5985401459854015,82,1897
0,Jo,0.41472537703243245,11.922056092749845,11.130253631027422,F,0.00846378320474352,43,43,135,2016,1881,1973,0.362962962962963,49,1924
0,Holly,0.3824549681427225,11.682704293548749,11.337018630365572,F,0.005708283106607799,2,54,116,2016,1893,2014,0.5775862068965517,67,1947
0,Rhonda,0.6203565322126503,11.625888891207278,10.977510386341383,F,0.018798682794322737,34,39,101,2016,1910,1982,0.32673267326732675,33,1949
0,Annette,0.3529492053821168,11.584018910856738,10.623103063463512,F,0.0034602863272756553,31,3,137,2016,1880,1985,0.7445255474452555,102,1883
0,Dana,0.41667969041155833,11.365880745126828,10.537810322764813,F,0.006830814596910793,10,63,133,2016,1882,2006,0.45864661654135336,61,1945
0,Arlene,0.37506453006310775,11.029268266102434,9.873463615098233,F,0.0060494279042436734,46,20,129,2016,1888,1970,0.4806201550387597,62,1908
0,Joann,0.3971891231286282,10.811412109688167,10.035616859420948,F,0.007788022022129965,39,35,121,2016,1891,1977,0.4214876033057851,51,1926
0,Renee,0.33703216646142276,10.803346122738112,9.918429390763114,F,0.004434633769229247,12,39,123,2016,1889,2004,0.6178861788617886,76,1928
0,Yvonne,0.2981477617299338,10.613867595754234,10.172301006689693,F,0.003205889911074557,23,14,129,2016,1886,1993,0.7209302325581395,93,1900
0,Kristin,0.583863609652668,10.557587784111027,9.669510641093202,F,0.016218433601463002,17,31,85,2016,1932,1999,0.4235294117647059,36,1963
0,Constance,0.2592719489580968,10.549619235342098,9.858042075479522,F,0.0026729066902896575,27,12,137,2016,1880,1989,0.708029197080292,97,1892
0,Lynn,0.38540742002683953,10.51387640066104,9.74131604550675,F,0.008200157872911479,32,57,126,2016,1880,1984,0.373015873015873,47,1937
0,Tara,0.47527454829196975,10.417289025417372,9.913441138376655,F,0.011052896471906272,11,23,78,2016,1939,2005,0.5512820512820513,43,1962
0,Velma,0.2680771585076829,10.323547320719948,9.868232931003268,F,0.0036722898425709982,56,7,137,2016,1880,1960,0.5328467153284672,73,1887
0,Debbie,0.9655911459221506,9.959332219232827,8.75408259742028,F,0.04827955729610753,44,72,127,2016,1880,1972,0.15748031496062992,20,1952
0,Stacy,0.5478388197361429,9.846076276755257,9.07440037774818,F,0.01611290646282773,24,66,116,2016,1892,1992,0.29310344827586204,34,1958
0,Kim,0.6168822177296519,9.725096164606994,9.082151739759587,F,0.024675288709186075,39,38,96,2016,1914,1977,0.2604166666666667,25,1952
0,Colleen,0.23971664669027942,9.713707746998491,9.440623693390618,F,0.003034387932788347,14,22,115,2016,1901,2002,0.6869565217391305,79,1923
0,Maxine,0.29867251135253964,9.608176175165854,8.773227104831019,F,0.005239868620219993,55,20,130,2016,1884,1961,0.43846153846153846,57,1904
0,Beth,0.35287219281620613,9.599717338654235,8.353122997910232,F,0.006919062604239336,27,54,133,2016,1884,1989,0.38345864661654133,51,1938
0,Cassandra,0.37161343351212367,9.517442711198669,9.078135270947039,F,0.005898625928763868,3,48,107,2016,1902,2013,0.5887850467289719,63,1950
0,Laurie,0.5429631407453209,9.322986645179324,8.414950853562528,F,0.015969504139568262,33,67,133,2016,1882,1983,0.2556390977443609,34,1949
0,Patsy,0.4034545010603057,9.254381582294045,8.287097511485095,F,0.010086362526507643,52,44,137,2016,1880,1964,0.291970802919708,40,1924
0,Cathy,0.5437141935063599,9.234642681480638,8.496203529109234,F,0.01753916753246322,40,27,99,2016,1918,1976,0.31313131313131315,31,1945
0,Delores,0.3890251971367146,9.075022855414545,8.368520225805689,F,0.008277131853972651,50,29,123,2016,1890,1966,0.3821138211382114,47,1919
0,Marlene,0.5125612103058256,9.069865012005407,7.5973992398532175,F,0.013488452902784883,47,27,110,2016,1904,1969,0.34545454545454546,38,1931
0,Opal,0.29605651569128333,8.949762415006727,8.360680754589136,F,0.005382845739841515,72,9,137,2016,1880,1944,0.40145985401459855,55,1889
0,Gina,0.3854911407908868,8.902703691621687,8.393765291423653,F,0.008031065433143475,14,74,128,2016,1880,2002,0.375,48,1954
0,Marcia,0.2942974592134262,8.87590155212685,8.008084151393248,F,0.004824548511695511,35,40,137,2016,1880,1981,0.44525547445255476,61,1920
0,Lindsey,0.5351599746915908,8.864842622583907,8.511714913427014,F,0.016216968930048207,7,52,78,2016,1924,2009,0.4230769230769231,33,1976
0,Stacey,0.4498601850894551,8.844799829000799,8.342552128127814,F,0.012496116252484863,22,43,86,2016,1915,1994,0.4186046511627907,36,1958
0,Maureen,0.24019135205113873,8.843293154269375,8.396395365028809,F,0.003874054065340947,26,32,118,2016,1896,1990,0.5254237288135594,62,1928
0,Chelsea,0.877378561671999,8.829528885564889,7.783145667109269,F,0.03655744006966662,10,72,73,2016,1910,2006,0.3287671232876712,24,1982
0,Carla,0.2959398276023382,8.569413276963385,8.110981036960517,F,0.00435205628826968,9,49,117,2016,1890,2007,0.5811965811965812,68,1939
0,Vicki,0.42322173750056646,8.541863205212731,8.052138010678833,F,0.012092049642873328,40,27,103,2016,1914,1976,0.33980582524271846,35,1941
0,Charlene,0.2069168685177738,8.512401146581267,8.099660486477726,F,0.0027225903752338657,22,30,123,2016,1888,1994,0.6178861788617886,76,1918
0,Deanna,0.24773061369239305,8.093730967708634,7.954176147314413,F,0.0034407029679499033,7,38,103,2016,1899,2009,0.6990291262135923,72,1937
0,Melinda,0.28425261107796546,8.083406324478517,7.413342109392248,F,0.005263937242184546,20,62,137,2016,1880,1996,0.39416058394160586,54,1942
0,Kelsey,0.635440365489415,8.079401529712866,7.671011351983362,F,0.02191173674101431,4,41,73,2016,1942,2012,0.3972602739726027,29,1983
0,Carole,0.6226167822951452,8.042266626867468,7.207584194194952,F,0.020084412332101457,54,30,109,2016,1901,1962,0.28440366972477066,31,1931
0,Billie,0.28787061898844696,8.018741673020166,7.477998134925202,F,0.003598382737355587,33,17,131,2016,1886,1983,0.6106870229007634,80,1903
0,Terri,0.4341329426482851,7.993503149444111,7.481569082785624,F,0.011733322774277976,32,25,92,2016,1922,1984,0.40217391304347827,37,1947
0,Kristina,0.3234906530674645,7.931585000521102,7.425352347484812,F,0.007188681179276989,8,48,84,2016,1915,2008,0.5357142857142857,45,1963
0,Tamara,0.30828884020293634,7.595278438119006,7.123295809938191,F,0.006165776804058727,13,36,92,2016,1917,2003,0.5434782608695652,50,1953
0,Lindsay,0.5160866977755586,7.461520204092872,7.049972232260837,F,0.016647957992759956,9,60,85,2016,1916,2007,0.36470588235294116,31,1976
0,Tonya,0.49238449880332735,7.320611803714222,6.759899805727625,F,0.01697877582080439,28,36,86,2016,1923,1988,0.3372093023255814,29,1959
0,Erika,0.24057662518309325,7.179142515525239,6.918595027229041,F,0.005118651599640282,3,58,102,2016,1908,2013,0.46078431372549017,47,1966
0,Tanya,0.4086667052822744,7.008589859268197,6.2044129474990966,F,0.011045046088710118,23,42,101,2016,1914,1993,0.36633663366336633,37,1956
0,Kay,0.29719457079595984,6.936798880742333,5.849786311449116,F,0.007820909757788416,48,45,132,2016,1885,1968,0.2878787878787879,38,1930
0,Yolanda,0.2252730101595384,6.914880010287148,6.5399309122762626,F,0.002781148273574548,21,13,116,2016,1901,1995,0.6982758620689655,81,1914
0,Glenda,0.2537003939250548,6.905605807468454,6.341055688652711,F,0.005637786531667884,39,32,114,2016,1900,1977,0.39473684210526316,45,1932
0,Marissa,0.34981173462928916,6.6774043969263,6.385360081030284,F,0.009205571963928662,2,40,71,2016,1936,2014,0.5352112676056338,38,1976
0,Bobbie,0.20994419047454857,6.507439917803372,5.94822409681024,F,0.002591903586105538,27,25,134,2016,1883,1989,0.6044776119402985,81,1908
0,Brandy,0.43725707033845973,6.448489540056463,6.007137250835421,F,0.01619470630883184,17,30,75,2016,1942,1999,0.36,27,1972
0,Caitlin,0.4068819963564316,6.207061796603286,5.947152855798189,F,0.013125225688917148,4,26,62,2016,1955,2012,0.5,31,1981
0,Marsha,0.3153055083907337,6.130666566779445,5.790717147063251,F,0.0071660342816075836,35,29,107,2016,1908,1981,0.411214953271028,44,1937
0,Brandi,0.33123781243928707,6.05631773381362,5.769134282032891,F,0.01068509072384797,15,21,65,2016,1949,2001,0.47692307692307695,31,1970
0,Vickie,0.346752106864008,6.015236282178578,5.6285374503263,F,0.01083600333950025,40,37,107,2016,1907,1976,0.29906542056074764,32,1944
0,Christy,0.35457125277040946,5.947076681348863,5.373544885800579,F,0.00844217268500975,22,65,103,2016,1887,1994,0.4077669902912621,42,1952
0,Muriel,0.19917532091207643,5.931949354493037,5.503224826277669,F,0.0032651691952799416,67,8,137,2016,1880,1949,0.44525547445255476,61,1888
0,Katrina,0.20468005339270137,5.906806595191592,5.5771049166566184,F,0.003936154872936565,8,61,115,2016,1895,2008,0.45217391304347826,52,1956
0,Jenny,0.1752620287998497,5.786634390144588,5.126511926785216,F,0.0019916139636346557,2,46,137,2016,1880,2014,0.6423357664233577,88,1926
0,Toni,0.14344428869674866,5.75943558778355,5.520120903253693,F,0.0020492041242392667,9,30,108,2016,1907,2007,0.6481481481481481,70,1937
0,Dianne,0.2762752193905266,5.72823456895655,5.351063581219401,F,0.007270400510277017,44,23,102,2016,1911,1972,0.37254901960784315,38,1934
0,Jackie,0.21065591809301376,5.666105184022323,5.233165012120096,F,0.003191756334742633,26,25,118,2016,1899,1990,0.559322033898305,66,1924
0,Penny,0.26596765841575426,5.601440557545588,5.139574217597382,F,0.0063325632956131965,35,57,122,2016,1882,1981,0.3442622950819672,42,1939
0,Felicia,0.17960178552164696,5.599611490557804,4.835333419150146,F,0.0038213145855669566,13,76,136,2016,1880,2003,0.34558823529411764,47,1956
0,Natasha,0.2438935067267117,5.559060928956223,5.415566965179201,F,0.005419855705038038,2,35,80,2016,1934,2014,0.5625,45,1969
0,Terry,0.2738992998020702,5.461078674287197,4.890235850434374,F,0.007608313883390838,41,47,114,2016,1892,1975,0.3157894736842105,36,1939
0,Meghan,0.2711741054015673,5.40541418220667,5.214129700102115,F,0.007136160668462297,6,20,64,2016,1952,2010,0.59375,38,1972
0,Whitney,0.555890851096708,5.398877736942516,4.480397010449039,F,0.026470992909367046,16,43,80,2016,1936,2000,0.2625,21,1979
0,Misty,0.4119016419319133,5.227764503129465,4.768717830912785,F,0.01716256841382972,25,23,72,2016,1944,1991,0.3333333333333333,24,1967
0,Jacquelyn,0.10578050184935413,5.216579813607079,5.161465929730325,F,0.001137424751068324,1,15,109,2016,1907,2015,0.8532110091743119,93,1922
0,Rachael,0.16287909952194898,5.066398970676165,4.33433028901397,F,0.0036195355449321997,4,87,137,2016,1880,2012,0.3284671532846715,45,1967
0,Tracey,0.3563522796822001,5.054049480913827,4.716878899095244,F,0.011495234828458068,28,34,80,2016,1923,1988,0.3875,31,1957
0,Becky,0.2349349739732778,5.005366278942784,4.595502257638689,F,0.005107282042897344,31,59,127,2016,1880,1985,0.36220472440944884,46,1939
0,Fern,0.12754528001072452,4.9546983488070016,4.7391884595388145,F,0.0017964123945172466,63,2,137,2016,1880,1953,0.5182481751824818,71,1882
0,Candace,0.16840406579749456,4.92930754901587,4.688318604510268,F,0.002854306199957535,13,62,120,2016,1882,2003,0.49166666666666664,59,1944
0,Shelly,0.22790083004130113,4.90119662269584,4.5851287090835395,F,0.005843611026700029,25,36,94,2016,1916,1991,0.4148936170212766,39,1952
0,Kristine,0.20789741938945222,4.890129204859431,4.63260491658347,F,0.0040764199880284745,19,30,99,2016,1916,1997,0.5151515151515151,51,1946
0,Ramona,0.19415741405564402,4.885058387500577,4.2919177310431715,F,0.002659690603501973,37,25,134,2016,1881,1979,0.5447761194029851,73,1906
0,Lynda,0.27303276788096675,4.721893079025092,4.2119831361465225,F,0.007584243552249076,43,55,120,2016,1882,1973,0.3,36,1937
0,Sherri,0.2831419258632015,4.719301667231367,4.3871658999390055,F,0.008327703701858868,31,27,84,2016,1924,1985,0.40476190476190477,34,1951
0,Jodi,0.2393223014751726,4.709712176266111,4.413250532543011,F,0.006647841707643684,24,16,77,2016,1940,1992,0.4675324675324675,36,1956
0,Desiree,0.17446364702064707,4.65533597058478,4.604503575705493,F,0.0029077274503441176,1,45,92,2016,1910,2015,0.6521739130434783,60,1955
0,Monique,0.1904644875890882,4.586748502518506,4.426373907662254,F,0.003968010158106004,9,50,97,2016,1909,2007,0.4948453608247423,48,1959
0,Brittney,0.4248545615035435,4.567584135510824,4.19869707162297,F,0.021242728075177176,14,24,51,2016,1958,2002,0.39215686274509803,20,1982
0,Kristi,0.20588656780780762,4.550278423427609,4.328197214639838,F,0.005021623605068478,20,15,77,2016,1940,1996,0.5324675324675324,41,1955
0,Breanna,0.26819518903481115,4.488427498746305,4.326526802847534,F,0.008939839634493706,3,18,48,2016,1965,2013,0.625,30,1983
0,Sheryl,0.20198353802368232,4.39434751304984,4.12786837408753,F,0.0053153562637811135,36,21,94,2016,1921,1980,0.40425531914893614,38,1942
0,Kelli,0.1905312108541587,4.388558642721473,4.262585878643674,F,0.00433025479213997,14,13,70,2016,1945,2002,0.6285714285714286,44,1958
0,Casey,0.20602969105902483,4.351327898087818,4.160572435392945,F,0.005025114416073776,3,51,74,2016,1921,2013,0.5540540540540541,41,1972
0,Krista,0.17808566655295774,4.295196898661738,4.054806005953742,F,0.003957459256732394,9,25,75,2016,1937,2007,0.6,45,1962
0,Maryann,0.1470092821560406,4.2569867070994345,3.7717106735201935,F,0.0020417955855005637,28,36,133,2016,1880,1988,0.5413533834586466,72,1916
0,Krystal,0.3450566966052955,4.244512385301252,3.7129469965551953,F,0.011898506779492947,11,30,71,2016,1946,2005,0.4084507042253521,29,1976
0,Kristy,0.3480822184300787,4.220620150755116,3.685214710445526,F,0.011602740614335956,23,22,76,2016,1941,1993,0.39473684210526316,30,1963
0,Marianne,0.14787993108394082,4.196562252390057,3.863607008613101,F,0.0019457885668939582,28,26,125,2016,1886,1988,0.608,76,1912
0,Shelley,0.1567814381295087,4.177495517900018,3.9405995451948193,F,0.0037328913840359215,26,56,105,2016,1892,1990,0.4,42,1948
0,Patty,0.15411892464731333,4.077444942875239,3.7996566523395665,F,0.0030823784929462665,41,45,126,2016,1880,1975,0.3968253968253968,50,1925
0,Belinda,0.15439839643758538,4.052467273400554,3.747221129349069,F,0.002490296716735248,6,59,116,2016,1889,2010,0.5344827586206896,62,1948
0,Lorene,0.11503060698996757,3.9581055076502656,3.771920399768153,F,0.0014939039868826958,50,9,134,2016,1880,1966,0.5746268656716418,77,1889
0,Candice,0.2239874491420903,3.9432442890901056,3.5789719012348007,F,0.004391910767491966,18,30,76,2016,1917,1998,0.6710526315789473,51,1947
0,Sandy,0.18040615121675246,3.927382816695261,3.679980999500706,F,0.002957477888799221,16,25,101,2016,1914,2000,0.6039603960396039,61,1939
0,Sonya,0.18044910565934189,3.9172542788686626,3.292241163418232,F,0.003111191476885205,23,30,110,2016,1905,1993,0.5272727272727272,58,1935
0,Gayle,0.15675504289801928,3.852992912099472,3.4546089385157313,F,0.003645466113907425,42,40,122,2016,1891,1974,0.3524590163934426,43,1931
0,Nichole,0.18116179031208046,3.765818855791063,3.5966326695858775,F,0.005176051151773727,12,27,71,2016,1942,2004,0.49295774647887325,35,1969
0,Yvette,0.1662142819500618,3.755780947189368,3.194954737311742,F,0.003078042258334478,12,52,115,2016,1898,2004,0.46956521739130436,54,1950
0,Lynne,0.1251388171356279,3.6520688261953618,3.4659625170826014,F,0.002720409068165824,36,27,110,2016,1907,1980,0.41818181818181815,46,1934
0,Laverne,0.11212395550421961,3.642640197227471,3.4582853289732065,F,0.0016488816985914649,35,15,114,2003,1885,1968,0.5964912280701754,68,1900
0,Rosemarie,0.12487190776205316,3.561560523620224,3.194882603703674,F,0.0019511235587820806,34,22,119,2016,1896,1982,0.5378151260504201,64,1918
0,Kari,0.1521452967004775,3.4727911155663524,3.2956455774930533,F,0.003538262713964593,16,23,81,2016,1934,2000,0.5308641975308642,43,1957
0,Jewell,0.09129840454777025,3.4675439875275713,3.189560270581108,F,0.001362662754444332,63,6,135,2016,1880,1953,0.4962962962962963,67,1886
0,Sheri,0.17917705758319347,3.4561279815596637,3.289838898062173,F,0.004479426439579837,30,18,84,2016,1928,1986,0.47619047619047616,40,1946
0,Aimee,0.156424657628188,3.4284375102365967,2.9906313293219515,F,0.00312849315256376,1,85,137,2016,1880,2015,0.36496350364963503,50,1965
0,Roxanne,0.11482959905417486,3.2609437999026563,3.1176065038444447,F,0.0016173182965376742,2,37,99,2016,1906,2014,0.7171717171717171,71,1943
0,Dianna,0.0957702644519744,3.216936815962173,3.124115101103358,F,0.0013681466350282056,9,21,100,2016,1916,2007,0.7,70,1937
0,Jody,0.12589588564695384,3.2106558216650494,3.0297292895327628,F,0.0030706313572427765,28,28,94,2016,1919,1988,0.43617021276595747,41,1947
0,Kaitlin,0.20487945272955516,3.1695087284046415,3.042784248189177,F,0.007588127878872413,6,12,45,2016,1971,2010,0.6,27,1983
0,Melba,0.08172246974300533,3.133225309524778,2.999380625515409,F,0.0012197383543732139,53,3,116,2016,1893,1963,0.5775862068965517,67,1896
0,Traci,0.22044649853855525,3.1105482319031137,2.9106337191896325,F,0.007348216617951842,26,15,71,2016,1945,1990,0.4225352112676056,30,1960
0,Jan,0.1594033532487898,3.1049705761890647,2.898577637973594,F,0.0037070547267160415,38,24,104,2016,1911,1978,0.41346153846153844,43,1935
0,Pat,0.16293710085657861,3.064416820191819,2.801143002886804,F,0.004526030579349406,29,29,89,1991,1897,1962,0.4044943820224719,36,1926
0,Jaime,0.5348148350373333,3.040405916364149,2.289795769847448,F,0.044567902919777774,29,38,73,2016,1937,1987,0.1643835616438356,12,1975
0,Janis,0.18079959112778893,3.0346141264398256,2.6279182820238445,F,0.004757883977047077,49,20,108,2016,1909,1967,0.35185185185185186,38,1929
0,Kirsten,0.10301254341757315,3.0162127226549793,2.9353925930267395,F,0.0019076396929180214,2,23,80,2016,1937,2014,0.675,54,1960
0,Vicky,0.14401538773110215,2.9540473295505714,2.598542945237463,F,0.0036927022495154395,35,30,102,2016,1912,1981,0.38235294117647056,39,1942
0,Kellie,0.156487565462483,2.953751569382845,2.8293801457596293,F,0.003556535578692795,14,45,77,2016,1913,2002,0.5714285714285714,44,1958
0,Christie,0.20763923043838833,2.894042731509924,2.4040326154260487,F,0.005190980760959708,24,71,134,2016,1881,1992,0.29850746268656714,40,1952
0,Rochelle,0.07528000308233083,2.8589306373496566,2.7002097468381514,F,0.001075428615461869,12,34,116,2016,1900,2004,0.603448275862069,70,1934
0,Kerry,0.13266186911977917,2.857751275818283,2.710546183878534,F,0.002707385084077126,19,28,87,2016,1920,1997,0.5632183908045977,49,1948
0,Caitlyn,0.16628572496216532,2.8453010097694618,2.7929072436532008,F,0.005542857498738844,1,17,45,2016,1968,2015,0.6666666666666666,30,1985
0,Dominique,0.19176921194421662,2.826493177949235,2.5615370804272413,F,0.005992787873256769,8,27,68,2016,1949,2008,0.47058823529411764,32,1976
0,Jaclyn,0.14340936770921914,2.824656916051244,2.591517652588628,F,0.004626108635781262,9,53,93,2016,1923,2007,0.3333333333333333,31,1976
0,Bette,0.14034209317786558,2.819369319204678,2.6358385232536268,F,0.0034229778823869654,60,19,108,2016,1896,1956,0.37962962962962965,41,1915
0,Marisa,0.1250208320653976,2.7788551822318577,2.70671271832398,F,0.0022325148583106713,4,22,76,2016,1934,2012,0.7368421052631579,56,1956
0,Doreen,0.12807063162582455,2.7497885938636526,2.54421479481228,F,0.0024164270118080104,40,23,115,2016,1900,1976,0.4608695652173913,53,1923
0,Latoya,0.300076935187303,2.7327228358790228,2.591096537197679,F,0.015793522904594893,24,13,55,2016,1960,1992,0.34545454545454546,19,1973
0,Paulette,0.16038461758770078,2.7322305807296723,2.4147955266338816,F,0.0045824176453628795,41,33,105,2016,1907,1975,0.3333333333333333,35,1940
0,Ginger,0.1003830183189992,2.721772925686275,2.473369582697932,F,0.0018940192135660228,28,22,104,2016,1913,1988,0.5096153846153846,53,1935
0,Shawna,0.13573512539355684,2.7079596349192796,2.5723821818929395,F,0.0032317886998465915,13,20,75,2016,1941,2003,0.56,42,1961
0,Kelley,0.1168127435631057,2.6810440320109485,2.5747484293951803,F,0.0027812557991215643,17,38,79,2016,1919,1999,0.5316455696202531,42,1957
0,Shelia,0.1155284000536963,2.6654007934792374,2.4774026965086247,F,0.0031223891906404407,36,28,101,2016,1915,1980,0.36633663366336633,37,1943
0,Deloris,0.09019789954990355,2.6174376151517715,2.457283154735314,F,0.0016399618099982463,47,15,114,2016,1899,1969,0.4824561403508772,55,1914
0,Myrna,0.16323341744250122,2.5409079769980005,1.91834543138109,F,0.004663811926928606,54,42,131,2016,1885,1962,0.26717557251908397,35,1927
0,Patti,0.15470046241067179,2.5258200549709877,2.3277827800417352,F,0.003966678523350559,42,47,104,2016,1888,1974,0.375,39,1935
0,Lynette,0.07993817963032417,2.5142369914134695,2.2872378507108477,F,0.0012893254779084544,19,38,111,2016,1897,1997,0.5585585585585585,62,1935
0,Justine,0.09124911757040306,2.4824411730803275,2.213474071881633,F,0.0007541249385983724,5,9,134,2016,1881,2011,0.9029850746268657,121,1890
0,Mindy,0.2311868651472251,2.4698084931434816,2.150123508004954,F,0.006421857365200697,25,15,76,2016,1940,1991,0.47368421052631576,36,1955
0,Teri,0.11527596997978344,2.4557998962160528,2.340068523680475,F,0.0025616882217729653,26,25,87,2016,1920,1990,0.5172413793103449,45,1945
0,Bonita,0.08918674876361367,2.4514689699168333,2.214656824254544,F,0.001372103827132518,42,21,123,2016,1888,1974,0.5284552845528455,65,1909
0,Sonja,0.10123916006844746,2.4366199309558807,2.2005702817358905,F,0.001807842144079419,24,30,105,2016,1906,1992,0.5333333333333333,56,1936
0,Tricia,0.2085802835730103,2.4290981683136037,2.143883190233006,F,0.0077251956878892705,26,24,78,2016,1939,1990,0.34615384615384615,27,1963
0,Ashlee,0.14187914497390539,2.4283787643754144,2.3064649068050165,F,0.0045767466120614645,6,13,51,2016,1966,2010,0.6078431372549019,31,1979
0,Darla,0.12400755045135635,2.418249958644317,2.170542997857115,F,0.0026384585202416243,33,12,90,2016,1924,1983,0.5222222222222223,47,1936
0,Trisha,0.11070306099881946,2.3723380163491963,2.219027796471126,F,0.0026357871666385585,11,29,75,2016,1934,2005,0.56,42,1963
0,Stacie,0.1535198974770802,2.361952930024611,2.167574119913237,F,0.004652118105366067,22,61,85,2016,1900,1994,0.38823529411764707,33,1961
0,Meagan,0.13378768339519068,2.345299962931479,2.250785054613848,F,0.004054172224096687,8,21,61,2016,1954,2008,0.5409836065573771,33,1975
0,Nikki,0.11201491428624018,2.3434107021978043,2.176372648746401,F,0.0017502330357225028,9,18,89,2016,1925,2007,0.7191011235955056,64,1943
0,Leigh,0.09264775182494732,2.3418572135885842,2.1957080613514757,F,0.0019301614963530692,19,37,104,2016,1912,1997,0.46153846153846156,48,1949
0,Shari,0.15449752863433502,2.310855648414766,2.083615943758767,F,0.003961475093188078,29,21,90,2016,1927,1987,0.43333333333333335,39,1948
0,Kristie,0.13894804269977615,2.3098428929801456,2.1440697715945447,F,0.003562770325635286,22,15,76,2016,1940,1994,0.5131578947368421,39,1955
0,Ebony,0.13467599790188972,2.2619488851375134,2.1686407026620858,F,0.00408109084551181,11,22,52,2016,1950,2005,0.6346153846153846,33,1972
0,Jeannie,0.06985528997283079,2.2110540753986303,2.0082205594553404,F,0.00105841348443683,24,44,125,2016,1882,1992,0.528,66,1926
0,Francine,0.06892719874899998,2.2090700128442213,2.0351435767604262,F,0.0009989449094057969,23,24,116,2016,1900,1993,0.5948275862068966,69,1924
0,Kerri,0.10954735745295878,2.2076984027821434,2.101823413629591,F,0.002671886767145336,18,12,72,2016,1945,1998,0.5694444444444444,41,1957
0,Stefanie,0.15961567706144306,2.1910979250563383,1.9441240441236918,F,0.004836838698831608,18,54,96,2016,1911,1998,0.34375,33,1965
0,Marla,0.08819618843084963,2.18947329828995,2.0515584018737085,F,0.0015206239384629246,22,24,97,2016,1912,1994,0.5979381443298969,58,1936
0,Kimberley,0.12126858325948388,2.1819150225730666,2.0175601395459326,F,0.003109450852807279,23,13,75,2016,1941,1993,0.52,39,1954
0,Yesenia,0.1151833123429678,2.174870608622769,2.1383088014895493,F,0.0027424598176897094,3,5,51,2016,1966,2013,0.8235294117647058,42,1971
0,Tami,0.13528656085942803,2.143759865983062,2.0441123945269064,F,0.004665053822738898,30,15,75,2016,1942,1986,0.38666666666666666,29,1957
0,Tasha,0.13649352589401453,2.1203979128476482,1.9927282435667288,F,0.0047066733066901565,19,21,67,2016,1947,1997,0.43283582089552236,29,1968
0,Cheri,0.07904870187493829,2.0640248112882964,1.9811898008381759,F,0.001718450040759528,26,18,89,2015,1925,1989,0.5168539325842697,46,1943
0,Tammie,0.1256529564110443,2.0121646471578973,1.9116948256802446,F,0.005026118256441772,34,30,76,2016,1927,1982,0.32894736842105265,25,1957
0,Sherrie,0.07800200954329671,2.000362703266859,1.9062014964274239,F,0.001659617224325462,29,19,94,2016,1921,1987,0.5,47,1940
0,Lesley,0.056877824812561706,1.9986670673118576,1.94154021112027,F,0.000789969789063357,2,49,106,2016,1893,2014,0.6792452830188679,72,1942
0,Rachelle,0.06055369254085489,1.9757530471453884,1.8748799484195127,F,0.0009926834842763097,5,39,106,2016,1911,2011,0.5754716981132075,61,1950
0,Ronda,0.10866924993382322,1.9657760978266958,1.8072957149403315,F,0.0029370067549681954,34,24,92,2016,1921,1982,0.40217391304347827,37,1945
0,Tracie,0.1331030104045714,1.9467749839346744,1.820578655946931,F,0.004159469075142856,27,58,80,2016,1899,1989,0.4,32,1957
0,Christa,0.08822646152410775,1.9375005541279235,1.768746860360447,F,0.0018380512817522449,9,47,104,2016,1912,2007,0.46153846153846156,48,1959
0,Trina,0.11056644568630702,1.9323362054331457,1.6721852619366198,F,0.003350498354130516,28,62,105,2016,1893,1988,0.3142857142857143,33,1955
0,Shawn,0.11274002299415994,1.9275582436661725,1.7776787197081758,F,0.0034163643331563617,29,22,81,2016,1932,1987,0.4074074074074074,33,1954
0,Patrice,0.07513738306092095,1.9230566221992302,1.814967443405361,F,0.0014449496742484798,19,31,103,2016,1914,1997,0.5048543689320388,52,1945
0,Keri,0.10309936020776271,1.9188586702735217,1.8195817031845694,F,0.002514618541652749,16,13,71,2016,1946,2000,0.5774647887323944,41,1959
0,Britney,0.13536101787145208,1.9127144602980095,1.8225684449166388,F,0.004366484447466196,3,14,49,2016,1968,2013,0.6326530612244898,31,1982
0,Janine,0.07687888714270012,1.9055399265360131,1.7612061529484484,F,0.0015074291596607868,19,32,96,2016,1914,1997,0.53125,51,1946
0,Dina,0.09312195656877302,1.8964723606350666,1.5556833029536545,F,0.0016628920815852325,4,73,130,2016,1883,2012,0.4307692307692308,56,1956
0,Bettye,0.07571066815904995,1.8576472011195633,1.703460387022578,F,0.0016458840904141293,42,27,102,1998,1883,1956,0.45098039215686275,46,1910
0,Latasha,0.12396455264337243,1.8333006313454379,1.737425783961415,F,0.005165189693473851,21,12,58,2016,1959,1995,0.41379310344827586,24,1971
0,Sondra,0.07979295779271704,1.8000483832047482,1.7229707330276576,F,0.0013757406515985697,27,19,100,2016,1912,1989,0.58,58,1931
0,Dorthy,0.06093157810122636,1.7922651767802962,1.6704018342582778,F,0.0009827673887294575,55,14,127,2016,1885,1961,0.4881889763779528,62,1899
0,Cathleen,0.057484324830194986,1.788531964531294,1.6116750480903093,F,0.0006248296177195107,22,6,119,2016,1896,1994,0.773109243697479,92,1902
0,Cherie,0.058742112641409334,1.777500957684303,1.7167831276687198,F,0.0008900320097183233,23,17,103,2016,1910,1993,0.6407766990291263,66,1927
0,Ashleigh,0.09154299560049484,1.7739597932375595,1.7131765067108284,F,0.0026924410470733776,4,13,52,2016,1965,2012,0.6538461538461539,34,1978
0,Pam,0.1817990394011605,1.7693020779177984,1.6092459951811886,F,0.006733297755598537,26,28,65,1996,1915,1970,0.4153846153846154,27,1943
0,Shana,0.09783886981755659,1.7593823405453222,1.6372560445636053,F,0.0027953962805016166,16,28,78,2016,1937,2000,0.44871794871794873,35,1965
0,Jayne,0.07464928046116232,1.7372874221532928,1.5627925962978293,F,0.0009953237394821643,28,18,112,2016,1895,1988,0.6696428571428571,75,1913
0,Chelsey,0.15612065663979308,1.7315844176688153,1.6021762024800084,F,0.006244826265591723,9,13,48,2016,1969,2007,0.5208333333333334,25,1982
0,Shanna,0.12037952190267537,1.6906338194332013,1.4950676064020616,F,0.00388321038395727,19,35,86,2016,1931,1997,0.36046511627906974,31,1966
0,Karin,0.06005937298014609,1.6738060709460365,1.5647201889703652,F,0.0010536732101780015,22,30,106,2016,1907,1994,0.5377358490566038,57,1937
0,Randi,0.06414830426379484,1.6664684151287068,1.6212905499832573,F,0.0010023172541217943,6,15,80,2016,1931,2010,0.8,64,1946
0,Shauna,0.08734141334853397,1.6444783070048135,1.5490804675366867,F,0.0017468282669706795,13,15,79,2016,1938,2003,0.6329113924050633,50,1953
0,Nelda,0.05138997650743931,1.6426102076303675,1.5293922471879329,F,0.0007447822682237581,46,16,122,2015,1884,1969,0.5655737704918032,69,1900
0,Hillary,0.13675475169872076,1.6295186437192632,1.4050257768101708,F,0.0035988092552294935,8,48,76,2016,1922,2008,0.5,38,1970
0,Candy,0.059986900093951814,1.6253789293455412,1.5222742446403026,F,0.0009228753860607971,7,48,95,2016,1896,2009,0.6842105263157895,65,1944
0,Jeannine,0.10595658735596666,1.601163687687888,1.505574113995398,F,0.0019264834064721213,33,14,102,2016,1914,1983,0.5392156862745098,55,1928
0,Debora,0.11591612594060433,1.5641923431205678,1.3436794560078125,F,0.0050398315626349706,43,35,91,2016,1915,1973,0.25274725274725274,23,1950
0,Joni,0.07850615147502897,1.5548582434237734,1.4215444932697916,F,0.002121787877703486,26,23,85,2016,1930,1990,0.43529411764705883,37,1953
0,Trudy,0.05670741836136564,1.5449207407421666,1.369545406625757,F,0.001232769964377514,35,39,119,2016,1896,1981,0.3865546218487395,46,1935
0,Staci,0.07714938177628736,1.5288365409972287,1.457035656764275,F,0.0022690994640084516,20,12,66,2016,1950,1996,0.5151515151515151,34,1962
0,Cierra,0.09637355008666149,1.5106046544384646,1.472299243048481,F,0.0035693907439504255,4,7,39,2016,1978,2012,0.6923076923076923,27,1985
0,Jenifer,0.06282986531103169,1.5044501078493824,1.4264782267664358,F,0.0011635160242783645,6,23,82,2016,1933,2010,0.6585365853658537,54,1956
0,Lupe,0.03824468537700572,1.5002972645047092,1.431253547262345,F,0.00044470564391867114,35,10,126,2016,1885,1981,0.6825396825396826,86,1895
0,Earline,0.04254816658638121,1.4404837197995923,1.3905180648050968,F,0.0006166400954548002,28,9,101,1995,1889,1967,0.6831683168316832,69,1898
0,Jeanine,0.04581672167342573,1.4330858779693627,1.3768394369058097,F,0.0006941927526276626,22,12,95,2016,1916,1994,0.6947368421052632,66,1928
0,Dale,0.05975058982136839,1.4327563158572003,1.2300697971054027,F,0.0009637191906672321,44,23,125,2016,1887,1972,0.496,62,1910
0,Tamika,0.14809814949338634,1.413293160824009,1.2940012556234464,F,0.007052292833018397,24,19,55,2015,1951,1991,0.38181818181818183,21,1970
0,Hilary,0.06406946478813873,1.3910503489207284,1.2427601328339932,F,0.001232105092079591,9,41,95,2016,1914,2007,0.5473684210526316,52,1955
0,Bobbi,0.05079260507757744,1.3873042869572123,1.2914835939924658,F,0.0008757345703030593,14,12,85,2016,1932,2002,0.6823529411764706,58,1944
0,Deana,0.07796278606851345,1.386883011163746,1.1922452131547219,F,0.0016948431754024663,18,47,105,2016,1905,1998,0.4380952380952381,46,1952
0,Concetta,0.04018025967477625,1.3583209914383327,1.2746900781701767,F,0.0004185443716122526,28,4,126,2015,1887,1987,0.7619047619047619,96,1891
0,Donald,2.9452875496071624,106.7810892264634,100.56154528763797,M,0.03636157468650818,33,22,137,2016,1880,1983,0.5912408759124088,81,1902
0,Kenneth,1.3724568767539354,86.89457949545864,85.15229209678463,M,0.012254079256731566,8,16,137,2016,1880,2008,0.8175182481751825,112,1896
0,Mark,2.7542018235058294,74.03052745245495,65.98804687801288,M,0.05196607214161943,17,66,137,2016,1880,1999,0.38686131386861317,53,1946
0,Steven,1.8371878340297347,69.20657768766624,66.2620169038468,M,0.027017468147496098,7,61,137,2016,1880,2009,0.49635036496350365,68,1941
0,Ronald,2.0488526187063973,68.28603295034176,63.85386271082137,M,0.032521470138196784,27,43,133,2016,1883,1989,0.47368421052631576,63,1926
0,Brian,2.2904806886384024,63.85275443532936,61.00363308959409,M,0.03882170658709157,7,41,107,2016,1909,2009,0.5514018691588785,59,1950
0,Harold,1.2851166413163262,62.927306411874795,60.6575559099975,M,0.014771455647314094,45,4,137,2016,1880,1971,0.635036496350365,87,1884
0,Timothy,1.6390914687905933,59.157968867724456,55.566638410916894,M,0.02341559241129419,4,62,137,2016,1880,2012,0.5109489051094891,70,1942
0,Jason,3.481697425231007,58.82516243719716,54.8437506380431,M,0.08491944939587821,7,88,137,2016,1880,2009,0.29927007299270075,41,1968
0,Jeffrey,1.692917159733461,52.33738775604466,50.07257402797324,M,0.030230663566668946,16,59,108,2016,1885,2000,0.5185185185185185,56,1944
0,Gary,2.0264806068184775,51.79538950715659,48.723029864581726,M,0.038970780900355335,31,53,135,2016,1880,1985,0.3851851851851852,52,1933
0,Larry,1.9097249744577358,49.61346118391727,44.99629333374113,M,0.03744558773446541,34,51,137,2016,1880,1982,0.3722627737226277,51,1931
0,Scott,1.7476250578651042,42.881843025436666,39.13799385624537,M,0.037183511869470304,19,70,137,2016,1880,1997,0.34306569343065696,47,1950
0,Jerry,1.3683426230909854,42.392718536197464,35.40543437685931,M,0.017320792697354245,33,24,137,2016,1880,1983,0.5766423357664233,79,1904
0,Dennis,1.3205322034837712,38.47132065053151,32.64875961926672,M,0.023167231640066163,27,52,137,2016,1880,1989,0.41605839416058393,57,1932
0,Gregory,1.0614423338584154,38.165308978417016,35.90101664123112,M,0.01830072989411061,13,65,133,2016,1880,2003,0.43609022556390975,58,1945
0,Douglas,0.8133478559365486,34.0615755106663,31.730714665223505,M,0.008652636765282431,19,23,137,2016,1880,1997,0.6861313868613139,94,1903
0,Gerald,0.9081437451486599,33.913050753136766,31.727505800080312,M,0.01094149090540554,34,19,137,2016,1880,1982,0.6058394160583942,83,1899
0,Roger,0.7855723992173259,29.562580166189637,27.017672213323817,M,0.009698424681695381,28,27,137,2016,1880,1988,0.5912408759124088,81,1907
0,Billy,0.9255483304774202,27.104294584933385,25.132143013839666,M,0.014239205084268004,31,40,136,2016,1880,1985,0.47794117647058826,65,1920
0,Kyle,1.1057687623612855,25.252337019669657,23.914052806411707,M,0.023036849215860116,1,86,127,2016,1881,2015,0.3779527559055118,48,1967
0,Keith,0.6511004241822566,24.900927443997155,23.660822487459022,M,0.007660004990379489,12,31,128,2016,1888,2004,0.6640625,85,1919
0,Wayne,0.5559439814007493,24.63197669622005,23.30381812907796,M,0.006177155348897214,26,20,137,2016,1880,1990,0.656934306569343,90,1900
0,Bruce,0.7480625403222595,24.086763986238243,21.160230731765267,M,0.010247432059209034,31,32,137,2016,1880,1985,0.5328467153284672,73,1912
0,Jeremy,1.314847360541561,24.03872341582377,23.302480509645978,M,0.03057784559398979,3,47,93,2016,1923,2013,0.46236559139784944,43,1970
0,Terry,0.7629517086694018,23.731986051181117,22.014784477489396,M,0.013385117695954418,24,55,136,2016,1880,1992,0.41911764705882354,57,1935
0,Bobby,0.7456764171275113,20.993698572843638,19.878320487633818,M,0.01129812753223502,25,25,114,2016,1900,1991,0.5789473684210527,66,1925
0,Dale,0.3997983797768692,18.73614114912247,17.787910363104533,M,0.004543163406555332,26,21,136,2016,1881,1990,0.6470588235294118,88,1902
0,Jimmy,0.4640963770540888,18.179199543028624,17.146158930821077,M,0.005659711915293766,10,41,131,2016,1883,2006,0.6259541984732825,82,1924
0,Randy,0.7827240538141711,16.99797564040872,15.823706565626873,M,0.015347530466944532,20,30,100,2016,1915,1996,0.51,51,1945
0,Shawn,0.7340799183258335,16.72359646067326,16.192525219853042,M,0.01411692150626603,5,28,82,2016,1931,2011,0.6341463414634146,52,1959
0,Steve,0.5188278399953503,16.50523394212069,15.571166947918087,M,0.004941217523765241,29,2,137,2016,1880,1987,0.7664233576642335,105,1882
0,Craig,0.5043753038405444,16.30770552421831,15.335235808462166,M,0.009170460069828081,19,61,124,2016,1881,1997,0.4435483870967742,55,1942
0,Tony,0.39596245896940524,16.20448983148923,15.541501920064999,M,0.003117814637554372,7,2,137,2016,1880,2009,0.927007299270073,127,1882
0,Danny,0.4562667858299097,15.641443395475715,15.031373412777903,M,0.0059255426731157105,6,33,116,2016,1900,2010,0.6637931034482759,77,1933
0,Todd,0.8429384496212299,15.473788442785875,14.206932743355678,M,0.02408395570346371,25,75,112,2016,1881,1991,0.3125,35,1956
0,Cody,0.9954066246579761,14.677298817280272,13.728021448724881,M,0.029276665431116945,4,94,114,2016,1884,2012,0.2982456140350877,34,1978
0,Rodney,0.5955288058314971,14.426115854588103,12.59033482603629,M,0.009452838187801542,22,51,137,2016,1880,1994,0.45985401459854014,63,1931
0,Chad,0.8261685671172982,13.69250944244627,12.702946308722503,M,0.02581776772241557,18,52,102,2016,1914,1998,0.3137254901960784,32,1966
0,Don,0.3801964622840266,13.423886030746507,12.736895087409273,M,0.004002068024042385,39,2,137,2016,1880,1977,0.6934306569343066,95,1882
0,Jeffery,0.448019535179128,12.224109037983373,11.484310157075358,M,0.008784696768218197,17,54,109,2016,1894,1999,0.46788990825688076,51,1948
0,Tommy,0.27108981923431436,11.522723896302757,10.92424569927123,M,0.002557451124852022,10,20,137,2016,1880,2006,0.7737226277372263,106,1900
0,Ricky,0.6304168342512964,11.344377527148833,10.403041622447523,M,0.012865649678597884,20,22,92,2016,1925,1996,0.532608695652174,49,1947
0,Johnnie,0.25847643075972504,11.33458659013253,10.904095429410216,M,0.0025847643075972504,35,1,137,2016,1880,1981,0.7299270072992701,100,1881
0,Randall,0.33591143641525667,11.015459970027313,9.879133829824264,M,0.005598523940254277,18,58,136,2016,1880,1998,0.4411764705882353,60,1938
0,Dustin,0.5763616884365739,11.01176088987999,10.521931282888488,M,0.015577342930718214,9,54,90,2016,1916,2007,0.4111111111111111,37,1970
0,Ronnie,0.3525647934031894,10.389179997714841,9.792049787837101,M,0.0057797507115276954,23,29,108,2016,1903,1993,0.5648148148148148,61,1932
0,Barry,0.31809435332979197,10.276356528027721,9.686260674364721,M,0.005484385402237792,26,49,125,2016,1883,1990,0.464,58,1932
0,Jimmie,0.27490383693301085,10.087929235689346,9.471106282755146,M,0.002988085184054466,38,6,137,2016,1880,1978,0.6715328467153284,92,1886
0,Gene,0.2968808753766102,9.984054418161875,9.183178739685806,M,0.0038555957841118205,39,20,137,2016,1880,1977,0.5620437956204379,77,1900
0,Darrell,0.22496026299274008,9.533764794445133,9.04532621633309,M,0.002556366624917501,15,32,128,2016,1881,2001,0.6875,88,1913
0,Jon,0.24709824774621575,9.392159021051159,9.115381101938446,M,0.0032946433032828766,8,35,109,2016,1898,2008,0.6880733944954128,75,1933
0,Micheal,0.22441045869627635,8.777518934126345,7.862022291988595,M,0.0021372424637740605,6,25,137,2016,1880,2010,0.7664233576642335,105,1905
0,Brett,0.25676856274802123,8.445233761088245,8.198271998557788,M,0.0047549733842226155,5,31,85,2016,1926,2011,0.6352941176470588,54,1957
0,Brent,0.22973571788109673,7.629460451372495,7.332107017512524,M,0.00342889131165816,9,55,107,2016,1885,2007,0.6261682242990654,67,1940
0,Marc,0.26958453973266333,7.569300213171139,7.2179198499493005,M,0.0042791196782962435,8,44,108,2016,1901,2008,0.5833333333333334,63,1945
0,Duane,0.1779416308829954,7.559317681269096,7.112936537183699,M,0.002404616633553992,27,30,124,2016,1885,1989,0.5967741935483871,74,1915
0,Cory,0.32739512561298373,6.788462935595771,6.300363152943377,M,0.008394746810589326,9,44,78,2016,1924,2007,0.5,39,1968
0,Grover,0.7124370355940223,6.551927757581057,3.901046097997344,M,0.059369752966168525,121,3,137,2016,1880,1895,0.08759124087591241,12,1883
0,Taylor,0.4127075871581827,6.4685369462045434,5.0557140044551,M,0.012897112098693209,3,101,137,2016,1880,2013,0.23357664233576642,32,1981
0,Dwight,0.13678301171229906,5.580301630698433,5.387278454211172,M,0.0011894174931504266,20,1,137,2016,1880,1996,0.8394160583941606,115,1881
0,Freddie,0.11813167985052285,5.562353801951563,5.31428005167704,M,0.0011040343911263818,23,6,136,2016,1880,1993,0.7867647058823529,107,1886
0,Darren,0.3189335069844611,5.5007249544614405,5.3432025305725706,M,0.006017613339329455,4,23,77,2016,1936,2012,0.6883116883116883,53,1959
0,Jackie,0.18259901506033643,5.188281600446118,4.8220747790843115,M,0.003148258880350628,33,21,109,2016,1904,1983,0.5321100917431193,58,1925
0,Dewey,0.9087945227809927,5.135350920312897,2.104962990127093,M,0.1514657537968321,113,10,130,2016,1887,1903,0.046153846153846156,6,1897
0,Kelly,0.1776499304648707,4.955581586498776,4.1162568316727555,M,0.0017247566064550555,20,13,137,2016,1880,1996,0.7518248175182481,103,1893
0,Darryl,0.26461380085890684,4.899345458253747,4.518924597285996,M,0.004562306911360463,20,25,103,2016,1913,1996,0.5631067961165048,58,1938
0,Jamie,0.29440334277097113,4.88617591029685,4.258982847174018,M,0.007360083569274279,18,62,114,2016,1896,1998,0.3508771929824561,40,1958
0,Tim,0.32522078768512286,4.801326686531345,3.8324194005171743,M,0.010490993151132996,43,62,137,2016,1880,1973,0.22627737226277372,31,1942
0,Alton,0.23570731707317072,4.704007801942604,3.79672913818497,M,0.0030218886804252655,55,3,137,2016,1880,1961,0.5693430656934306,78,1883
0,Kurt,0.159481765544427,4.649204993535698,4.297371911095168,M,0.00265802942574045,16,46,113,2016,1894,2000,0.5309734513274337,60,1940
0,Brad,0.16738656759600884,4.5002370365530595,4.247227253167461,M,0.0034160523999185476,18,69,96,2016,1880,1998,0.5104166666666666,49,1949
0,Tyrone,0.13610980851054677,4.28599167750243,4.243022204112027,M,0.0017909185330335102,2,24,97,2016,1914,2014,0.7835051546391752,76,1938
0,Rick,0.2573062576297176,4.208948728438422,3.680913115105696,M,0.0067712173060452,34,25,97,2016,1919,1982,0.3917525773195876,38,1944
0,Wendell,0.14021009944131668,4.207196046514448,3.9061253305672885,M,0.0014605218691803822,32,8,136,2016,1880,1984,0.7058823529411765,96,1888
0,Roosevelt,0.19952386350753884,4.203621920061402,3.755062331014996,M,0.0031175603673052944,53,4,122,2016,1895,1963,0.5245901639344263,64,1899
0,Dwayne,0.16394585640981188,4.157252241747318,3.942809695039751,M,0.0020493232051226485,3,21,105,2016,1912,2013,0.7619047619047619,80,1933
0,Greg,0.25936701108762555,4.067191291014214,3.7365969554681504,M,0.007204639196878488,35,30,95,2016,1915,1981,0.37894736842105264,36,1945
0,Woodrow,0.4551617843590569,4.011130366314604,2.757147583184036,M,0.035012444950696685,92,11,113,2016,1900,1924,0.11504424778761062,13,1911
0,Kent,0.12494664995555574,3.9384587882738997,3.554931907897847,M,0.0018374507346405255,19,44,120,2016,1885,1997,0.5666666666666667,68,1929
0,Lowell,0.1047753103571693,3.867754783266368,3.614266916300365,M,0.0012777476872825526,45,8,135,2016,1881,1971,0.6074074074074074,82,1889
0,Shaun,0.37169108178847643,3.8022210103962175,3.0208412498070287,M,0.009530540558678883,10,32,82,2016,1935,2006,0.47560975609756095,39,1967
0,Kirk,0.12354492738352048,3.7809812381804386,3.3627490155138426,M,0.002206159417562866,19,61,127,2016,1880,1997,0.4409448818897638,56,1941
0,Tracy,0.1893600717079348,3.660959416969376,2.6657776381571887,M,0.006762859703854815,34,74,135,2016,1880,1982,0.2074074074074074,28,1954
0,Donnie,0.09621016812489565,3.6444394381013954,3.3052276716805755,M,0.001374430973212795,18,46,126,2016,1882,1998,0.5555555555555556,70,1928
0,Daryl,0.09652987209657504,3.4916896244264497,3.3170416613117024,M,0.0012218971151465195,15,10,105,2016,1912,2001,0.7523809523809524,79,1922
0,Benny,0.07807325331427285,3.483803204611444,3.3885894693787466,M,0.000619628994557721,5,3,134,2016,1882,2011,0.9402985074626866,126,1885
0,Jonathon,0.1299213749159676,3.423433642659069,3.2532497977198043,M,0.0026514566309381146,1,54,95,2016,1912,2015,0.5157894736842106,49,1966
0,Rickey,0.17837448646018356,3.1608390229532755,2.9012706060493865,M,0.0038777062273952947,25,21,91,2016,1924,1991,0.5054945054945055,46,1945
0,Cleveland,0.15204075391242802,3.063023635380738,2.6741658129641004,M,0.002054604782600379,60,2,137,2016,1880,1956,0.5401459854014599,74,1882
0,Shannon,0.18574565417413133,3.0248510614265545,2.581863944392729,M,0.005628656187094889,21,81,113,2016,1881,1995,0.2920353982300885,33,1962
0,Geoffrey,0.08935818293079478,3.0180133932752122,2.8465475178902655,M,0.0013962216082936685,12,45,111,2016,1895,2004,0.5765765765765766,64,1940
0,Billie,0.13424372390085104,2.9821828522504528,2.4722712962289544,M,0.001974172410306633,65,2,134,2015,1880,1950,0.5074626865671642,68,1882
0,Garry,0.10876182729681481,2.751303387737866,2.5080603250964097,M,0.0019774877690329966,28,53,118,2016,1880,1988,0.4661016949152542,55,1933
0,Sammy,0.0734073770718955,2.7098373862621923,2.619651614274566,M,0.0006673397915626864,2,8,118,2016,1896,2014,0.9322033898305084,110,1904
0,Kerry,0.10184249579759039,2.6523253338662207,2.45914303286259,M,0.0016973749299598398,21,14,96,2016,1921,1995,0.625,60,1935
0,Robin,0.10607273504904327,2.4850578532772993,2.1367060295853415,M,0.0013775679876499127,1,57,122,2016,1881,2015,0.6311475409836066,77,1938
0,Norbert,0.05770743433482074,2.0415311129911884,1.9440471997914122,M,0.0007213429291852593,50,1,132,2016,1885,1966,0.6060606060606061,80,1886
0,Ron,0.08871362893602257,1.9756713820807776,1.824507513249335,M,0.0016428449802967143,26,17,93,2016,1919,1990,0.5806451612903226,54,1936
0,Gregg,0.09183699609886108,1.9450680085482672,1.764158955134682,M,0.0023547947717656686,33,63,105,2016,1881,1983,0.37142857142857144,39,1944
0,Ken,0.08341519338117555,1.842026612544648,1.5298206970780157,M,0.0018536709640261232,40,31,108,2016,1900,1976,0.4166666666666667,45,1931
0,Kim,0.16956563987950637,1.805365019064776,1.5454489654734784,M,0.007065234994979432,46,34,99,2016,1912,1970,0.24242424242424243,24,1946
0,Darin,0.14050052573523683,1.784620281040994,1.567268196126615,M,0.004390641429226151,24,12,67,2016,1948,1992,0.47761194029850745,32,1960
0,Jody,0.09625814138698768,1.7372053471554592,1.528449697332979,M,0.002533108983868097,25,43,99,2016,1910,1991,0.3838383838383838,38,1953
0,Marty,0.07825478772845057,1.7367858332914337,1.5185947865565383,M,0.0017389952828544572,26,49,111,2016,1896,1990,0.40540540540540543,45,1945
0,Buddy,0.05801673071880232,1.706267469526521,1.6196170077832375,M,0.0006238358141806701,29,1,122,2016,1893,1987,0.7622950819672131,93,1894
0,Kermit,0.08475661436959982,1.6696083569564588,1.5012553115969263,M,0.001345343085231743,51,1,116,2015,1900,1964,0.5431034482758621,63,1901
0,Jerald,0.046783253043808246,1.6665275820350884,1.5901365474725482,M,0.000550391212280097,15,7,108,2016,1909,2001,0.7870370370370371,85,1916
0,Booker,0.0818680328501918,1.6211114899227814,1.4144521060921944,M,0.001574385247119073,67,15,128,2016,1882,1949,0.40625,52,1897
0,Darrin,0.17499434505532174,1.6129438879901083,1.2733023595435256,M,0.00648127203908599,25,17,69,2016,1947,1991,0.391304347826087,27,1964
0,Bret,0.08619788578475465,1.575300167763845,1.4904404348490572,M,0.001873867082277275,13,31,77,2016,1926,2003,0.5974025974025974,46,1957
0,Randal,0.06964290682043116,1.5495675250368106,1.3941262304589517,M,0.0013928581364086232,22,35,106,2016,1909,1994,0.4716981132075472,50,1944
0,Zachery,0.09701299933386448,1.520935731047322,1.4216474444145,M,0.002939787858601954,4,31,69,2016,1948,2012,0.4782608695652174,33,1979
0,Bobbie,0.07196687984128801,1.5053141834045018,1.2977014329214942,M,0.0010904072703225456,46,14,116,2015,1889,1969,0.5689655172413793,66,1903
0,Mckinley,0.10198923348439565,1.427490466366668,0.9520115048961066,M,0.0028330342634554345,87,3,127,2016,1890,1929,0.28346456692913385,36,1893
0,Stacy,0.10006228014333059,1.4001707719516616,0.9364846764413011,M,0.0013897538908795915,36,28,125,2016,1880,1980,0.576,72,1908
0,Jarrod,0.06417204609626591,1.379294793982964,1.3317875605332192,M,0.0016454370793914336,11,1,52,2016,1965,2005,0.75,39,1966
0,Bailey,0.12173242110078161,1.373722778053919,0.853712506874583,M,0.0010585427921807097,8,13,137,2016,1880,2008,0.8394160583941606,115,1893
0,Timmy,0.07377676575595639,1.3467930214799093,1.176845641664351,M,0.0017157387385106136,25,22,87,2016,1926,1991,0.4942528735632184,43,1948
0,Lamont,0.06403109976341155,1.3423954232968391,1.2323335549380021,M,0.0008771383529234459,2,53,109,2016,1888,2014,0.6697247706422018,73,1941
0,Doug,0.08922689199920923,1.1878193385279503,1.0463413436175975,M,0.0027883403749752885,41,24,88,2015,1918,1974,0.36363636363636365,32,1942
0,Scotty,0.06319236762809878,1.0475689517973845,0.89295030087181,M,0.0011923088231716751,22,26,101,2016,1915,1994,0.5247524752475248,53,1941
0,Hyman,0.060627516927025706,1.0227481317346276,0.9429661162107132,M,0.0014435123077863263,83,9,95,2014,1880,1931,0.4421052631578947,42,1889
0,Chuck,0.06044325683154846,0.9828667293453711,0.8906706150182829,M,0.0013737103825351923,38,20,99,2016,1914,1978,0.4444444444444444,44,1934
0,Rusty,0.030194008115220335,0.9396215127092259,0.9040756499932758,M,0.0004949837395937759,11,17,84,2016,1927,2005,0.7261904761904762,61,1944
0,Zackery,0.044579454204577755,0.8939392721306794,0.8586040060581289,M,0.0011731435316994145,1,29,68,2016,1948,2015,0.5588235294117647,38,1977
